-- MySQL dump 10.13  Distrib 8.0.36, for Win64 (x86_64)
--
-- Host: 127.0.0.1    Database: restaurantdb
-- ------------------------------------------------------
-- Server version	8.0.36

/*!40101 SET @OLD_CHARACTER_SET_CLIENT=@@CHARACTER_SET_CLIENT */;
/*!40101 SET @OLD_CHARACTER_SET_RESULTS=@@CHARACTER_SET_RESULTS */;
/*!40101 SET @OLD_COLLATION_CONNECTION=@@COLLATION_CONNECTION */;
/*!50503 SET NAMES utf8 */;
/*!40103 SET @OLD_TIME_ZONE=@@TIME_ZONE */;
/*!40103 SET TIME_ZONE='+00:00' */;
/*!40014 SET @OLD_UNIQUE_CHECKS=@@UNIQUE_CHECKS, UNIQUE_CHECKS=0 */;
/*!40014 SET @OLD_FOREIGN_KEY_CHECKS=@@FOREIGN_KEY_CHECKS, FOREIGN_KEY_CHECKS=0 */;
/*!40101 SET @OLD_SQL_MODE=@@SQL_MODE, SQL_MODE='NO_AUTO_VALUE_ON_ZERO' */;
/*!40111 SET @OLD_SQL_NOTES=@@SQL_NOTES, SQL_NOTES=0 */;

--
-- Table structure for table `comenzi`
--

DROP TABLE IF EXISTS `comenzi`;
/*!40101 SET @saved_cs_client     = @@character_set_client */;
/*!50503 SET character_set_client = utf8mb4 */;
CREATE TABLE `comenzi` (
  `idcomanda` int NOT NULL AUTO_INCREMENT,
  `idcont` int NOT NULL,
  `produse` varchar(999) NOT NULL,
  `total_comanda` varchar(45) NOT NULL,
  `nume_destinatar` varchar(100) NOT NULL,
  `prenume_destinatar` varchar(100) NOT NULL,
  `email_destinatar` varchar(255) NOT NULL,
  `telefon_destinatar` varchar(45) NOT NULL,
  `adresa_destinatar` varchar(999) NOT NULL,
  `sector` varchar(45) NOT NULL,
  `metoda_plata` varchar(45) NOT NULL,
  `data_comanda` datetime NOT NULL,
  `status` varchar(100) NOT NULL,
  `cod_comanda` varchar(45) NOT NULL,
  PRIMARY KEY (`idcomanda`),
  KEY `fk_1_comenzi_idx` (`idcont`),
  CONSTRAINT `fk_1_comenzi` FOREIGN KEY (`idcont`) REFERENCES `conturi` (`idcont`) ON DELETE CASCADE ON UPDATE CASCADE
) ENGINE=InnoDB AUTO_INCREMENT=175 DEFAULT CHARSET=utf8mb4 COLLATE=utf8mb4_0900_ai_ci;
/*!40101 SET character_set_client = @saved_cs_client */;

--
-- Dumping data for table `comenzi`
--

LOCK TABLES `comenzi` WRITE;
/*!40000 ALTER TABLE `comenzi` DISABLE KEYS */;
INSERT INTO `comenzi` VALUES (8,6,'Omletă țărănească cu legume (1) , Omletă cu șuncă și cașcaval (1) , Mici cu muștar (4) ','49','Coman','George','123george30012001@gmail.com','0728228944','Mircea Voda nr39','sector 1','cash','2024-03-22 16:08:06','Livrată','9758dab8'),(9,6,'Omletă țărănească cu legume (1) , Cârnați la grătar (1) ','33','Coman','George','george30012001@gmail.com','0728228944','Mircea Voda nr39','sector 3','cash','2024-03-22 16:21:38','Livrată','7a6da4a4'),(38,6,'Omletă cu șuncă și cașcaval (2) , Crenvurșt de pui (2) , Telemea cu roșii (2) ','62','Coman','George','george30012001@gmail.com','0728228944','Strada Aviatorilor numarul 20, bloc3, scara1, etaj4, aparatament 30','sector 5','cash','2024-03-25 20:43:01','Livrată','e6764229'),(39,7,'Hamburger vită (3) , Cartofi wedges (3) , Pepsi (3) , Milanese (3) ','267','Maximilian','Alexandru-Ionescu','george_ionut.coman@stud.etti.upb.ro','0723428911','Mircea Voda nr39','sector 3','cash','2024-03-25 21:08:37','Anulată','926122a2'),(40,6,'Omletă cu șuncă și cașcaval (2) , Clătite Nutella (1) ','46','Coman','George','george30012001@gmail.com','0728228944','Mircea Voda nr39','sector 4','cash','2024-03-26 16:30:57','Livrată','e2d30c5a'),(52,6,'Omletă cu de toate (4) ','64','Coman','George','123george30012001@gmail.com','0728228944','acacacacaca','sector 1','card','2024-03-27 21:54:34','Livrată','4b94ac8d'),(53,6,'Clătite Nutella (4) ','64','Coman','George','123george30012001@gmail.com','0728228944','sss aaa bbb cc ','sector 1','card','2024-03-27 21:57:30','Livrată','2826bd82'),(54,6,'Clătite Nutella (4) ','64','Coman','George','123george30012001@gmail.com','0728228944','sss aaa bbb cc ','sector 1','card','2024-03-27 21:57:36','Livrată','2826bd82'),(55,6,'Clătite Nutella (4) ','64','Coman','George','123george30012001@gmail.com','0728228944','sss aaa bbb cc ','sector 1','card','2024-03-27 21:58:13','Livrată','2826bd82'),(56,6,'Clătite Nutella (4) ','64','Coman','George','123george30012001@gmail.com','0728228944','sss aaa bbb cc ','sector 1','card','2024-03-27 22:13:06','Livrată','2826bd82'),(57,6,'Frigărui de legume (13) ','234','Coman','George','george30012001@gmail.com','0728228944','vest est nord sud','sector 3','card','2024-03-27 22:17:28','Livrată','2996aa22'),(66,6,'Diavollo (3) ','126','Coman','George','123george30012001@gmail.com','0728228944','Mircea Voda nr39','sector 1','card','2024-03-29 00:44:14','Livrată','73e51036'),(67,6,'Ciuperci la grătar (4) ','52','Coman','George','george30012001@gmail.com','0728228944','Grand Arena','sector 4','card','2024-03-29 01:46:49','Livrată','33f39ced'),(74,6,'Bacon prăjit  (3) , Telemea cu roșii (1) , Crenvurșt de pui (2) ','65','Coman','George','123george30012001@gmail.com','0728228944','Mircea Voda nr39','sector 1','cash','2024-03-29 17:22:10','Livrată','0cc51a73'),(75,6,'Plăcintă cu mere (5) ','40','Coman','George','123george30012001@gmail.com','0728228944','Mircea Voda nr39','sector 4','card','2024-03-29 17:29:14','Livrată','f56bccf3'),(79,8,'Omletă țărănească cu legume (3) , Supă de pui cu tăiței (1) , Limonadă pepene roșu (1) , Piept de pui la grătar (2) , Șnițel de porc (2) , Tiramisu (1) ','163','Popescu','AbecedarulRoman','george.coman6@yahoo.com','0728228944','Lalelelor nr4 ','sector 5','cash','2024-04-02 13:59:18','Livrată','0f58c5de'),(80,9,'Telemea cu roșii (3) , Burger Halloumi (2) , Cartofi wedges (2) , Ecler cu ciocolată (3) , Pepsi (4) ','192','Iordache','Mihaela','mihaiordache@yahoo.com','0744234010','Nerva Traian','sector 3','card','2024-04-02 21:10:05','Livrată','27840299'),(81,7,'Legume la grătar (4) ','60','Maximilian','Alexandru-Ionescu','ionescu@gmail.com','0723428911','Mircea Voda nr39','sector 3','cash','2024-04-03 19:30:36','Livrată','ee0353c5'),(82,7,'Ceafă de porc (4) ','84','Maximilian','Alexandru-Ionescu','ionescu@gmail.com','0723428911','Adresa de test','sector 2','cash','2024-04-03 19:31:10','Livrată','5ce3974f'),(83,7,'Bacon prăjit  (3) , Telemea cu roșii (3) ','75','Maximilian','Alexandru-Ionescu','george30012001@gmail.com','0723428911','Grand Arena','sector 4','card','2024-04-03 20:08:25','Livrată','3a7cc52c'),(84,7,'Ciorbă de pui a la grec (3) ','45','Maximilian','Alexandru-Ionescu','george30012001@gmail.com','0723428911','Adresa de test','sector 5','card','2024-04-03 20:11:11','Livrată','69e2277f'),(85,6,'Clătite Nutella (5) , Ciorbă de perișoare (1) ','95','Coman','George','george30012001@gmail.com','0728228944','Bd Iulia Maniu','sector 6','card','2024-04-03 20:12:27','Anulată','f0634e05'),(86,6,'Omletă țărănească cu legume (3) ','39','Coman','George','george30012001@gmail.com','0728228944','Grand Arena','sector 1','card','2024-04-03 22:12:46','Livrată','b8b1e1aa'),(88,9,'Omletă cu șuncă și cașcaval (4) , Salată caesar (3) , 7 UP (3) , Tiramisu (2) ','184','Iordache','Mihaela','george.coman6@yahoo.com','0744234010','Mihai Bravu','sector 5','card','2024-04-04 19:35:22','Livrată','0d9b3376'),(89,13,'Cheeseburger vită (1) , Mici cu muștar (3) , Piept de pui la grătar (2) ','94','Andronache','Valentin','george.coman6@yahoo.com','0792929292','Strada Academiei nr. 7','sector 3','cash','2024-04-04 20:01:05','Livrată','b1a8b0e8'),(90,9,'Pâinică la cuptor (2) , Supă cremă de roșii (3) ','46','Iordache','Mihaela','george30012001@gmail.com','0744234010','Lalelelor nr4 ','sector 6','cash','2024-04-06 22:53:50','Livrată','ff9b8686'),(91,11,'Quattro formaggi (2) , Chilli Cheeseburger vită (2) , Ciorbă de pui a la grec (1) , Pâinică la cuptor (1) , Ardei normal (2) , Orez cu lapte (1) , Cheesecake (1) , Limonadă pepene roșu (2) ','223','Ionita','Adrian','george.coman6@yahoo.com','0711223344','Grand Arena','sector 4','cash','2024-04-09 19:46:52','Livrată','46e35386'),(92,11,'Diavollo (4) , Gamberi (4) , Cartofi wedges (4) , Ecler cu ciocolată (4) , Limonadă pepene roșu (2) ','506','Ionita','Adrian','george30012001@gmail.com','0711223344','Mircea Voda nr39','sector 3','card','2024-04-09 19:48:58','Livrată','0e5b139d'),(99,7,'Crenvurșt de pui (8) ','40','Maximilian','Alexandru-Ionescu','ionescu@gmail.com','0723428911','Grand Arena','sector 1','cash','2024-04-13 12:09:06','Livrată','49c4f57d'),(101,7,'Quattro formaggi (1) , Hamburger vită (1) ','65','Maximilian','Alexandru-Ionescu','ionescu@gmail.com','0723428911','Grand Arena','sector 4','card','2024-04-13 12:26:59','Livrată','59e95bd8'),(102,7,'Hamburger Crispy de pui (2) ','66','Maximilian','Alexandru-Ionescu','ionescu@gmail.com','0723428911','Grand Arena','sector 2','card','2024-04-13 12:27:54','Livrată','2e3b50e0'),(103,14,'Cartofi prăjiți (4) , Hamburger Crispy de pui (3) , Limonadă căpșuni (2) ','157','Coman','George Ionut','george30012001@gmail.com','0728228944','Mircea Voda nr39','sector 3','cash','2024-04-15 17:30:13','Livrată','b19f6170'),(104,6,'Hamburger Crispy de pui (4) , Al salmone (2) , Salată de varză (3) , Legume la grătar (1) , Cartofi wedges (2) , Cartofi prăjiți (4) , Pepsi (6) ','361','Coman','George','george30012001@gmail.com','0728228941','Mircea Voda nr39 scara 1 bloc M32 etaj 3 apartament 20 interfon 320C','sector 3','cash','2024-04-16 15:21:10','Livrată','e354a187'),(106,6,'Ceafă de porc (2) ','42','Coman','Georgel Ionut','george30012001@gmail.com','0728228941',' Sturnu Hortensiei Nr. 49','sector 1','card','2024-04-17 13:32:58','Livrată','627f4caa'),(107,15,'Cheeseburger vită (2) , Chilli Cheeseburger vită (1) ','116','Popescu','Ionel','george.coman6@yahoo.com','0711332244','Strada Pelicanul numarul 14','sector 5','cash','2024-04-17 13:54:22','Livrată','d4a3096b'),(108,14,'Cheeseburger vită (1) , Cartofi prăjiți (1) , Limonadă căpșuni (1) ','60','Coman','George Ionut','george30012001@gmail.com','0728228944','Mircea Voda nr39','sector 3','card','2024-04-17 17:58:41','Livrată','08f4c8ec'),(109,14,'Arabiata (2) , Cheeseburger Crispy de pui (2) , Cartofi cu parmezan și usturoi (3) , 7 UP (5) ','220','Coman','George Ionut','george30012001@gmail.com','0728228944','Mircea Voda nr39 bloc M30','sector 3','cash','2024-04-18 19:47:53','Livrată','f7d94d48'),(110,14,'Burger vegetarian (2) ','84','Coman','George Ionut','george30012001@gmail.com','0728228944','Mircea Voda nr39 bloc M30','sector 6','cash','2024-04-18 20:27:00','Livrată','3d477f40'),(111,14,'Burger Crispy de pui (1) ','41','Coman','George Ionut','george30012001@gmail.com','0728228944','Mircea Voda nr39 bloc M30','sector 3','cash','2024-04-18 20:27:31','Livrată','5ed4f101'),(112,9,'Salată de roșii (3) , Burger Crispy de pui (2) , Burger Halloumi (2) , Ciorbă de văcuță (2) , Crutoane (2) , Pâinică la cuptor (3) , Ardei iute (2) , Limonadă căpșuni (3) , Limonadă mentă (1) ','311','Iordache','Mihaela','mihaiordachetestemail@yahoo.com','0744234010','Strada Pianistilor nr 30 bloc 4 sacara 2 etaj 3 ap 20','sector 2','cash','2024-04-25 14:29:55','Livrată','d1845e14'),(113,9,'Ceafă de porc (2) ','42','Iordache','Mihaela','mihaiordacheasdasd@yahoo.com','0744234010','Strada Pianistilor nr 30 bloc 4 sacara 2 etaj 3 ap 20','sector 4','cash','2024-04-25 14:38:35','Livrată','c263944e'),(114,9,'Pollo e gorgonzola (3) ','114','Iordache','Mihaela','asdasdasdmihaiordache@yahoo.com','0744234010','Strada Pianistilor nr 30 bloc 4 sacara 2 etaj 3 ap 20','sector 4','card','2024-04-25 14:42:56','Livrată','bcf7ad77'),(115,14,'Cartofi dippers (4) , Hamburger vită (2) ','106','Coman','George Ionut','george30012001@gmail.com','0728228944','Mircea Voda nr39 bloc M30','sector 3','cash','2024-04-25 15:52:39','Livrată','b691bfb1'),(116,14,'Quattro formaggi (1) , Arabiata (1) , Baclava (1) , Crenvurșt de pui (1) , Hamburger Crispy de pui (1) , Mici cu muștar (1) , Salată de varză (1) , Ardei iute (1) , Cartofi wedges (1) , Borsec minerală (1) ','142','Coman','George Ionut','george30012001@gmail.com','0728228944','Mircea Voda nr39 bloc M30','sector 1','card','2024-04-26 14:15:41','Livrată','551ccb85'),(117,14,'Crenvurșt de pui (6) , Cheesecake (2) ','58','Coman','George Ionut','george30012001@gmail.com','0728228944','Mircea Voda nr39 bloc M30','sector 3','cash','2024-04-29 17:28:26','Livrată','1e058424'),(118,18,'Hamburger Crispy de pui (1) , Hamburger vită (1) ','68','Munteanu','Doina','doinamnt171513test@gmail.com','0788558860','Bulevardul Unirii nr.33','sector 3','cash','2024-04-29 17:30:06','Livrată','94dcbc58'),(119,18,'Pollo e funghi (2) , Al salmone (1) , Quattro formaggi (1) ','152','Munteanu','Doina','doinamnt171513test@gmail.com','0788558860','Bulevardul Unirii nr.33','sector 3','cash','2024-04-29 17:34:07','Livrată','58039384'),(120,18,'Quattro formaggi (3) ','90','Munteanu','Doina','doinamnt171513test@gmail.com','0788558860','Bulevardul Unirii nr.33','sector 1','cash','2024-04-29 17:34:45','Livrată','bce96a41'),(121,18,'Ciorbă de perișoare (3) , Omletă cu șuncă și cașcaval (1) , Înghețată cu vanilie (1) ','70','Munteanu','Doina','doinamnt171513test@gmail.com','0788558860','Bulevardul Unirii nr.33','sector 3','card','2024-04-29 17:35:41','Livrată','55be6823'),(122,14,'Salată caesar (3) , Ceafă de porc (3) ','135','Coman','George Ionut','george30012001@gmail.com','0728228944','Mircea Voda nr39 bloc M30','sector 3','card','2024-04-29 17:36:42','Livrată','fd4a3696'),(123,14,'Arabiata (2) ','70','Coman','George Ionut','george30012001@gmail.com','0728228944','Mircea Voda nr39 bloc M30','sector 3','cash','2024-05-01 15:20:43','Pregătire','848fae76'),(124,19,'Carnivora (1) , Diavollo (1) , Quattro formaggi (1) , Ecler cu ciocolată (2) , Tiramisu (2) , Limonadă mentă (2) , Fresh protocale (2) ','222','Matei','Adrian','maditestemail123@yahoo.com','0745895566','Aleea Mateloţilor, Nr.10, bloc S14, scara 3, etaj2, ap. 14','sector 1','card','2024-05-02 16:40:29','Anulată','e95e2f56'),(125,14,'Omletă cu de toate (1) , Omletă țărănească cu legume (1) , Crenvurșt de pui (4) , Telemea cu roșii (1) ','59','Coman','George Ionut','george30012001@gmail.com','0728228944','Mircea Voda nr39 bloc M30','sector 1','cash','2024-05-03 13:23:47','Livrată','9e9104a2'),(126,14,'Borsec plată (4) , Aqua Carpatica minerală (1) , Baclava (1) , Cartofi prăjiți (2) , Ardei iute (1) , Salată de varză (1) , Mici cu muștar (1) , Hamburger Crispy de pui (1) , Arabiata (1) , Quattro formaggi (1) , Crenvurșt de pui (1) ','177','Coman','George Ionut','george30012001@gmail.com','0728228944','Mircea Voda nr39 bloc M30','sector 3','cash','2024-05-03 15:06:36','Livrată','f0e50c8f'),(127,14,'Piept de pui la grătar (2) ','40','Coman','George Ionut','george30012001@gmail.com','0728228944','Mircea Voda nr39 bloc M30','sector 1','card','2024-05-03 16:45:53','Livrată','bb0ba3e2'),(128,8,'Frigărui de legume (1) , Salată caesar (2) , Ciuperci la grătar (2) ','92','Popescu','Roman','abctest123@gmail.com','0728228949','Bulevardul Decebal nr.20 bloc S10 scara2 etaj 4 apartaemnt 77','sector 2','card','2024-05-05 02:26:24','Livrată','71bc5bc1'),(129,7,'Quattro formaggi (2) , Prosciutto funghi (1) , Pepperoni (3) , Ketchup picant (3) , Limonadă mentă (2) , Limonadă căpșuni (1) , Limonadă pepene roșu (1) , Tiramisu (2) , Profiterol (1) , Mini papanași (1) ','376','Maximilian','Alexandru-Ionescu','ionescutestemail@gmail.com','0723428911','Mircea Voda nr20 bloc 4','sector 4','cash','2024-05-05 18:08:23','Livrată','3d6fec78'),(136,14,'Înghețată cu fructe de pădure (4) ','40','Coman','George Ionut','george30012001@gmail.com','0728228944','Mircea Voda nr39 bloc M30','sector 1','cash','2024-05-08 21:45:11','Pregătire','59339312'),(137,14,'Chilli Cheeseburger vită (2) ','76','Coman','George Ionut','george30012001@gmail.com','0728228944','Mircea Voda nr39 bloc M30','sector 3','cash','2024-05-08 21:57:08','Pregătire','0e9ec392'),(138,7,'Prosciutto (3) , Ketchup dulce (3) ','138','Maximilian','Alexandru-Ionescu','ionescudjashdusadhasudhsauodhasoud@gmail.com','0723428911','Mircea Voda nr20 bloc 4','sector 1','cash','2024-05-08 21:58:46','Livrată','8c8d5ff3'),(139,7,'Salată grecească (1) , Salată cu pui crispy (1) , Salată vieneză (1) ','73','Maximilian','Alexandru-Ionescu','asdadafadsdasdadionescu@gmail.com','0723428911','Mircea Voda nr20 bloc 4','sector 1','cash','2024-05-08 22:03:27','Pregătire','485e1953'),(140,14,'Salată de roșii (3) , Salată de varză (1) , Salată grecească (1) , Chilli Cheeseburger vită (1) ','114','Coman','George Ionut','george30012001@gmail.com','0728228944','Mircea Voda nr39 bloc M30','sector 3','card','2024-05-08 22:04:32','Livrată','1d1a8792'),(141,14,'Diavollo (4) ','168','Coman','George Ionut','george30012001@gmail.com','0728228944','Mircea Voda nr39 bloc M30','sector 3','cash','2024-05-09 14:59:43','Anulată','1fa8ae3e'),(142,20,'Quattro formaggi (1) , Cheeseburger Crispy de pui (1) , Cartofi dippers (1) , Înghețată cu vanilie (1) ','10','Mateescu','Florian','mfl1998aaabbb@gmail.com','0777777777','Strada Pianistilor nr. 29','sector 1','cash','2024-05-09 18:45:48','Anulată','135f743d'),(143,14,'Meniul Zilei 1 (4) , 3 Pizza Diavollo = 99 RON (4) ','568','Coman','George Ionut','george30012001@gmail.com','0728228944','Mircea Voda nr39 bloc M30','sector 3','cash','2024-05-09 20:56:33','Livrată','fe79bea0'),(144,23,'Meniul Zilei 1 (1) , 3 Pizza Diavollo = 99 RON (1) , 7 UP (3) , Cartofi prăjiți (1) ','174','Lucescu','Maria','lucemaria77testmail@yhoo.com','0700000001','Strada Iancului Nr24','sector 2','card','2024-05-09 21:08:56','Livrată','116a339c'),(145,14,'3 Pizza Diavollo = 99 RON (1) ','99','Coman','George Ionut','george30012001@gmail.com','0728228944','Mircea Voda nr39 bloc M30','sector 1','card','2024-05-12 14:53:04','Pregătire','e76e0584'),(146,14,'Meniul Zilei 1 (1) ','43','Coman','George Ionut','george30012001@gmail.com','0728228944','Mircea Voda nr39 bloc M30','sector 6','cash','2024-05-12 14:54:31','Pregătire','cec85bb8'),(147,14,'Meniul Zilei 1 (x3) , 3 Pizza Diavollo = 99 RON (x1) , Cheeseburger Crispy de pui (x1) , Hamburger Crispy de pui (x1) , Cheeseburger vită (x1) , Rusticana (x3) , Carbonara (x2) ','542','Coman','George Ionut','george30012001@gmail.com','0728228944','Mircea Voda nr39 bloc M30','sector 3','cash','2024-05-12 15:00:12','Pregătire','38909b4d'),(148,23,'Piept de pui la grătar (x1) , Frigărui de legume (x1) , Cartofi dippers (x3) , Ecler cu fistic (x2) , Cheesecake (x3) , Salată vieneză (x2) , Salată somon (x1) , Limonadă pepene roșu (x2) , Fresh protocale (x1) ','249','Lucescu','Maria','lucemaria77testmail@yhoo.com','0700000001','Strada Iancului Nr24','sector 2','cash','2024-05-21 20:15:06','Livrată','992ecc48'),(149,23,'Bacon Cheeseburger vită (x1) , Burger vegetarian (x1) , Chilli Cheeseburger vită (x2) , Cartofi prăjiți (x5) , Prigat căpșuni (x1) , Prigat portocale (x1) ','216','Lucescu','Maria','lucemaria77testmail@yhoo.com','0700000001','Strada Iancului Nr24','sector 2','card','2024-05-21 20:18:12','Livrată','76d7e9bd'),(150,23,'Burger vegetarian (x3) ','126','Lucescu','Maria','lucemaria77testmail@yhoo.com','0700000001','Strada Iancului Nr24','sector 1','cash','2024-05-21 20:44:04','Livrată','b05e336b'),(151,14,'Frigărui de legume (x2) , Salată vieneză (x3) , Arabiata (x6) , Piept de pui la grătar (x1) , Mici cu muștar (x1) , Salată de roșii (x1) ','361','Coman','George Ionut','george30012001@gmail.com','0728228944','Mircea Voda nr39 bloc M30','sector 2','cash','2024-05-23 20:23:40','Pregătire','a6b81671'),(152,14,'Cheeseburger Crispy de pui (x2) , Quattro formaggi (x1) , Vegetariana (x1) , Ketchup dulce (x1) ','152','Coman','George Ionut','george30012001@gmail.com','0728228944','Mircea Voda nr39 bloc M30','sector 3','card','2024-05-23 23:25:00','Pregătire','c58ddaa5'),(153,7,'Meniul Zilei 1 (x1) , Ciorbă de perișoare (x1) ','58','Maximilian','Alexandru-Ionescu','george30012001@gmail.com','0723428911','Mircea Voda nr20 bloc 4','sector 4','cash','2024-06-02 14:27:50','Pregătire','dd4a39b5'),(154,7,'Meniul Zilei 1 (x1) , Ciorbă de perișoare (x1) ','58','Maximilian','Alexandru-Ionescu','george30012001@gmail.com','0723428911','Mircea Voda nr20 bloc 4','sector 2','cash','2024-06-02 14:30:03','Livrată','fb800b2e'),(155,7,'Meniul Zilei 1 (x1) , Ciorbă de perișoare (x1) , Cartofi wedges (x7) ','121','Maximilian','Alexandru-Ionescu','george30012001@gmail.com','0723428911','Mircea Voda nr20 bloc 4','sector 1','cash','2024-06-02 14:31:11','Livrată','3d22eb9f'),(156,7,'3 Pizza Diavollo = 99 RON (x1) ','99','Maximilian','Alexandru-Ionescu','george30012001@gmail.com','0723428911','Mircea Voda nr20 bloc 4','sector 1','card','2024-06-02 15:41:46','Livrată','688f5725'),(157,14,'Cartofi prăjiți (x1) , Cheeseburger Crispy de pui (x1) , Ceafă de porc (x1) ','82','Coman','George Ionut','george30012001@gmail.com','0728228944','Mircea Voda nr39 bloc M30','sector 3','card','2024-06-02 15:47:02','Livrată','d9208975'),(158,14,'Meniul Zilei 1 (x4) ','172','Coman','George Ionut','george30012001@gmail.com','0728228944','Timpuri noi','sector 3','cash','2024-06-02 16:12:19','Livrată','9d392fba'),(159,23,'Ecler cu ciocolată (x4) , Borsec plată (x2) , 3 Pizza Diavollo = 99 RON (x1) ','153','Lucescu','Maria','lucemaria77testmail@yhoo.com','0700000001','Strada Iancului Nr24','sector 1','cash','2024-06-19 18:28:50','Pregătire','c0143881'),(160,23,'Tiramisu (x5) , Pepsi (x5) , Carnivora (x4) , Ketchup picant (x4) ','286','Lucescu','Maria','lucemaria77testmail@yhoo.com','0700000001','Strada Iancului Nr24','sector 1','card','2024-06-19 18:31:07','Pregătire','d6431913ddddcfd1'),(161,29,'Prosciutto (x3) , Ketchup dulce (x4) , Limonadă pepene roșu (x3) , Profiterol (x1) , Ecler cu ciocolată (x2) ','216','Coman','George-Ionut','george.coman6@yahoo.com','0744554433','Sturnu Hortensiei Nr. 49','sector 2','cash','2024-06-19 19:03:45','Livrată','0653a0df98a0a46c'),(162,23,'Prosciutto funghi (x1) , Ketchup picant (x2) , Pollo e funghi (x1) , Bacon Cheeseburger Crispy de pui (x1) , Frigărui de pui (x1) , Salată cu pui crispy (x1) , Ciorbă de pui a la grec (x1) , Legume la grătar (x1) , Orez cu lapte (x1) , Pepsi (x1) , Meniul Zilei 1 (x1) ','266','Lucescu','Maria','lucemaria77testmail@yhoo.com','0700000001','Strada Iancului Nr24','sector 1','cash','2024-06-20 18:34:26','Pregătire','e31c681bae3bbbfd'),(163,23,'Ciorbă de perișoare (x3) , Crutoane (x1) , Ardei iute (x1) , Ciorbă de văcuță (x1) ','67','Lucescu','Maria','lucemaria77testmail@yhoo.com','0700000001','Strada Iancului Nr24','sector 1','card','2024-06-20 18:47:56','Pregătire','041207a896b9903e'),(164,30,'Capriciosa (x1) , Lipton Ice-Tea lămâie (x1) ','48','Dumitrache','Robert-Gabriel','droby01@gmail.com','0733984004','Nerva Traian 8','sector 1','card','2024-06-22 17:57:06','Livrată','121d56639ae6e2a6'),(165,31,'Pollo e funghi (x1) , Cheeseburger Crispy de pui (x1) ','75','Andrei','Bianca','bianca_bh1@yahoo.com','0770189653','Bucuresti','sector 1','card','2024-06-22 21:47:36','Pregătire','74ce9c7e62af8118'),(166,6,'Diavolo (x2) ','70','Coman','George','123george30012001@gmail.com','0728228941','Mircea Voda nr39','sector 1','cash','2024-06-23 16:47:04','Pregătire','32172b51b9069a47'),(171,6,'Ciorbă de văcuță (x4) , Ardei normal (x4) , Pâinică la cuptor (x4) ','84','Coman','George','123george30012001@gmail.com','0728228941','Mircea Voda nr39','sector 1','cash','2024-06-23 16:52:46','Livrată','b6f0fe06f78a8a46'),(172,14,'Hamburger Crispy de pui (x1) , Prosciutto (x3) , Ketchup picant (x3) , Pepsi (x3) ','195','Coman','George Ionut','george30012001@gmail.com','0728228944','Timpuri Noi','sector 3','cash','2024-06-25 01:09:15','Pregătire','7afeed1b7bd57d8a'),(173,14,'Ciuperci la grătar (x4) ','52','Coman','George Ionut','george30012001@gmail.com','0728228944','Timpuri noi','sector 1','cash','2024-06-25 01:10:01','Livrată','3c10a4fd2eceaaaa'),(174,14,'Ciuperci la grătar (x6) , Carnivora (x3) , Cheeseburger vită (x1) , Ciorbă de perișoare (x3) ','282','Coman','George Ionut','george30012001@gmail.com','0728228944','Timpuri noi','sector 3','card','2024-06-27 16:56:36','Livrată','c071f8a85d0c2a69');
/*!40000 ALTER TABLE `comenzi` ENABLE KEYS */;
UNLOCK TABLES;

--
-- Table structure for table `comenzi_temporare`
--

DROP TABLE IF EXISTS `comenzi_temporare`;
/*!40101 SET @saved_cs_client     = @@character_set_client */;
/*!50503 SET character_set_client = utf8mb4 */;
CREATE TABLE `comenzi_temporare` (
  `idcomanda` int NOT NULL AUTO_INCREMENT,
  `idcont` int NOT NULL,
  `produse` varchar(999) NOT NULL,
  `total_comanda` varchar(45) NOT NULL,
  `nume_destinatar` varchar(100) NOT NULL,
  `prenume_destinatar` varchar(100) NOT NULL,
  `email_destinatar` varchar(255) NOT NULL,
  `telefon_destinatar` varchar(45) NOT NULL,
  `adresa_destinatar` varchar(999) NOT NULL,
  `sector` varchar(45) NOT NULL,
  `metoda_plata` varchar(45) NOT NULL,
  `status` varchar(100) NOT NULL,
  `cod_comanda` varchar(45) NOT NULL,
  PRIMARY KEY (`idcomanda`),
  KEY `comenzi_temp_fk_1_idx` (`idcont`),
  CONSTRAINT `comenzi_temp_fk_1` FOREIGN KEY (`idcont`) REFERENCES `conturi` (`idcont`) ON DELETE CASCADE ON UPDATE CASCADE
) ENGINE=InnoDB AUTO_INCREMENT=174 DEFAULT CHARSET=utf8mb4 COLLATE=utf8mb4_0900_ai_ci;
/*!40101 SET character_set_client = @saved_cs_client */;

--
-- Dumping data for table `comenzi_temporare`
--

LOCK TABLES `comenzi_temporare` WRITE;
/*!40000 ALTER TABLE `comenzi_temporare` DISABLE KEYS */;
/*!40000 ALTER TABLE `comenzi_temporare` ENABLE KEYS */;
UNLOCK TABLES;

--
-- Table structure for table `conturi`
--

DROP TABLE IF EXISTS `conturi`;
/*!40101 SET @saved_cs_client     = @@character_set_client */;
/*!50503 SET character_set_client = utf8mb4 */;
CREATE TABLE `conturi` (
  `idcont` int NOT NULL AUTO_INCREMENT,
  `nume` varchar(100) NOT NULL,
  `prenume` varchar(100) NOT NULL,
  `email` varchar(100) NOT NULL,
  `parola` varchar(200) NOT NULL,
  `telefon` varchar(45) NOT NULL,
  `adresa` varchar(800) NOT NULL,
  `judet` varchar(45) NOT NULL,
  `localitate` varchar(45) NOT NULL,
  `tip` varchar(45) NOT NULL,
  `data_creare` datetime DEFAULT NULL,
  `cod_resetare` varchar(45) DEFAULT NULL,
  PRIMARY KEY (`idcont`)
) ENGINE=InnoDB AUTO_INCREMENT=32 DEFAULT CHARSET=utf8mb4 COLLATE=utf8mb4_0900_ai_ci;
/*!40101 SET character_set_client = @saved_cs_client */;

--
-- Dumping data for table `conturi`
--

LOCK TABLES `conturi` WRITE;
/*!40000 ALTER TABLE `conturi` DISABLE KEYS */;
INSERT INTO `conturi` VALUES (2,'Lacatus','Marin','test@email.com','$2y$10$eOzfwuimk4LSAvatB7.xB.97whmWrxG49M7CPN0CtLQ17td8c7HYG','0733445566','Constanta','Constanta','Tomis','client',NULL,NULL),(3,'Coman','George','test@gmail.com','$2y$10$orgS7nLKpYp.GrLdmMPcw.GtpDRW5FS0s9V3WCJjgDhQi6bYlmh7G','0728228943','Mircea Voda nr20 bloc 4','sector 3','Bucharest / Bucuresti','client',NULL,NULL),(4,'Lacatus','Adrian','lacatus@yahoo.com','$2y$10$fbK063LASLvZY3I8LoU0p.L4s2ueuzpe4M/eTZIzTCZm9RVznrKcW','0733445567','Mircea Voda nr20 bloc 4','sector 3','Bucuresti','client',NULL,NULL),(5,'Coman','George','george@email.com','$2y$10$jsTAO2W5mJC4rAFzjJ08ke0LWnNkwFDMZ6gPK2VDWORN4hLsWWMlm','0728228945','Mircea Voda nr20 bloc 4','sector 3','Bucharest / Bucuresti','client',NULL,NULL),(6,'Coman','George','123george30012001@gmail.com','$2y$10$KK9r5si52VBO9YN2yf5HmODweQAUQLKr0SNBB5lxjh0.3oMilm0.e','0728228941','Mircea Voda nr39','sector 3','Bucuresti','client',NULL,NULL),(7,'Maximilian','Alexandru-Ionescu','ionescu@gmail.com','$2y$10$EQspofNEd4FGMIy24IL.qOdF5FpNpm8Mkd00NGoB1BmIvA27OJt3C','0723428911','Mircea Voda nr20 bloc 4','sector 2','Bucuresti','client',NULL,NULL),(8,'Popescu','Roman','abc@gmail.com','$2y$10$iu7Xegx3K/dYJZX/oF7Fdu.DShHILshmc0pyxpGQo3Lx5uGhrk54e','0728228949','Bulveardul Decebal','sector 2','Bucharest / Bucuresti','client',NULL,NULL),(9,'Iordache','Mihaela','mihaiordache@yahoo.com','$2y$10$XdhebWB.pyvvbhIgzpT.v.WMEKfmscmvG0u37BNaDphNkopxKSq0.','0744234010','Strada Pianistilor nr 30 bloc 4 sacara 2 etaj 3 ap 20','Calarasi','Calarasi','client',NULL,NULL),(11,'Ionita','Adrian','ionita@yahoo.com','$2y$10$iQ4Wxax5eb.Yy5SJEg9JYuD9TrAF9bjN4dYhjA8gvuT2/X5QJlTqq','0711223344','Mircea cel Batran nr1','Constanta','Constanta','client',NULL,NULL),(13,'Andronache','Valentin','andronache.c777@yahoo.com','$2y$10$wgrlbzDvSVMY3rJ7LwKN7uxpv7efwmJvFdsX6M0hQE/kqugnjVwRy','0792929292','Strada Academiei nr. 7','sector 3','Bucuresti','client','2024-04-04 19:51:34',NULL),(14,'Coman','George Ionut','george30012001@gmail.com','$2y$10$i2W/gfLS5XfoTJPpPW85EenuhTooADND/iadLcreGweR6gSZHPp2i','0728228944','Mircea Voda nr39 bloc M30','sector 3','Bucuresti','admin','2024-04-15 17:25:48',NULL),(15,'Popescu','Marius','ppooppeessccuummaarriiuuss@yahoo.com','$2y$10$xsywLKvOFNCPFJCCjM6b7er9/KrbIHDYq8ELfuejRmz9dQTJgGMO.','0711332244','Strada Pelicanul numarul 14','sector 1','Bucuresti','client','2024-04-16 15:59:19',NULL),(16,'Iovanovic','Constantin','iovcostanint1990testmail@yahoo.com','$2y$10$qJbyr3l957xaO0mk/qoche3KoRyVZ2eYN4vEgE43qn8IqlCybJg3e','0711111111','Strada Pliscul de Aur numarul 20','Botosani','Botosani','client','2024-04-29 17:11:07',NULL),(17,'Balaj','Anotnio','bljantonio112233testemail@yahoo.com','$2y$10$2FEg0TnvfDAbfGoCARNWLuAzTmsaxtGa3yunioCVbU0KW4Pbde7Lu','0712332111','Bulevardul Unirii nr.10 ','sector 3','Bucuresti','client','2024-04-29 17:12:53',NULL),(18,'Munteanu','Doina','doinamnt171513test@gmail.com','$2y$10$opm17qG5yg7sH2h4XYqdzeCONDJzQGnbz8Iwi9nS2UHJZ50k0VBom','0788558860','Bulevardul Unirii nr.33','sector 3','Bucuresti','client','2024-04-29 17:16:30',NULL),(19,'Matei','Adrian','maditestemail123@yahoo.com','$2y$10$CnU5FgA3uZAWYIStDn2bT..PvZgnP525N/U3uoNJud5KO2dy/5Aga','0745895566','Aleea Mateloţilor, Nr.10, bloc S14, scara 3, etaj2, ap. 14','sector 1','Bucuresti','client','2024-04-30 16:23:02',NULL),(20,'Mateescu','Florian','mfl1998aaabbb@gmail.com','$2y$10$.QhHBOaLj3pgVfNaLC870uzy2s41yLRBPQKFw2EVDo0wYKPJyzsk6','0777777777','Strada Pianistilor nr. 29','sector 1','Bucuresti','client','2024-05-09 18:41:57',NULL),(23,'Lucescu','Maria','lucemaria77testmail@yhoo.com','$2y$10$XM7ntjqS9/wnDZDKIOEEEueRFHD8orJdJo8M9LgfZt6/2/NeD5zR.','0700000001','Strada Iancului Nr24','sector 2','Bucuresti','client','2024-05-09 20:00:23',NULL),(24,'Militaru','Daniel','danielmilitaru999test222@yahoo.com','$2y$10$ViGfk7sRNyXi7XokiygGeumTrN41D5mCdEyQI7zdSvRsuxzX0q1Oy','0788888888','Strada Pianistilor nr. 30','sector 1','Bucuresti','client','2024-06-08 17:02:32',NULL),(26,'Oprisan','Adrian','oprisandeletetest@gmail.com','$2y$10$ddqGDHPp9G05I28d/3BUyegqpXGSerPtO/1SsoEoDTMhD3ihQNiAe','0711223333','Bucuresti','sector 3','Bucuresti','client','2024-06-17 21:32:29',NULL),(28,'Nita','Matei Ion','nitaionmateiemailtest111@gmail.com','$2y$10$4uja6NtKicHch1RB9lipIusN/UkAHEWG8.LVSP/blvHlLhasBe60C','0795434576','Bucuresti','sector 3','Bucuresti','client','2024-06-19 02:34:07',NULL),(29,'Coman','George-Ionut','george.coman6@yahoo.com','$2y$10$VbZAlQk2Q4KehblamEbA1OZZNVU7bdI5vfZIYSq.NMJkQQMpxY8X2','0744554433','Sturnu Hortensiei Nr. 49','sector 2','Bucuresti','client','2024-06-19 18:42:23',NULL),(30,'Dumitrache','Robert-Gabriel','droby01@gmail.com','$2y$10$0ODAne9wP2EDt/ZoXnPoR.VvXVb1vNyyJFYXle2cjQENlRAJVEz2K','0733984004','Nerva Traian 8','Sectorul 3','Bucuresti','client','2024-06-22 17:54:58',NULL),(31,'Andrei','Bianca','bianca_bh1@yahoo.com','$2y$10$HBIyFeQNs0PXP.H/6ffc1.eMmg8BJJdulRD95GNlUu2gM.sMtga/S','0770189653','Bucuresti','Sector 5','Bucuresti','client','2024-06-22 21:40:03',NULL);
/*!40000 ALTER TABLE `conturi` ENABLE KEYS */;
UNLOCK TABLES;

--
-- Table structure for table `cos`
--

DROP TABLE IF EXISTS `cos`;
/*!40101 SET @saved_cs_client     = @@character_set_client */;
/*!50503 SET character_set_client = utf8mb4 */;
CREATE TABLE `cos` (
  `idcos` int NOT NULL AUTO_INCREMENT,
  `idcont` int NOT NULL,
  `idprodus` int NOT NULL,
  `cantitate` int NOT NULL,
  PRIMARY KEY (`idcos`),
  KEY `fk_1_cos_idx` (`idcont`),
  KEY `fk_2_cos_idx` (`idprodus`),
  CONSTRAINT `fk_1_cos` FOREIGN KEY (`idcont`) REFERENCES `conturi` (`idcont`) ON DELETE CASCADE ON UPDATE CASCADE,
  CONSTRAINT `fk_2_cos` FOREIGN KEY (`idprodus`) REFERENCES `produse` (`idprodus`) ON DELETE CASCADE ON UPDATE CASCADE
) ENGINE=InnoDB AUTO_INCREMENT=739 DEFAULT CHARSET=utf8mb4 COLLATE=utf8mb4_0900_ai_ci;
/*!40101 SET character_set_client = @saved_cs_client */;

--
-- Dumping data for table `cos`
--

LOCK TABLES `cos` WRITE;
/*!40000 ALTER TABLE `cos` DISABLE KEYS */;
INSERT INTO `cos` VALUES (500,20,96,5),(559,9,54,7),(560,9,51,2),(561,9,25,1),(562,9,18,1),(563,9,77,1),(612,13,89,5),(616,26,145,1),(661,18,75,1),(717,23,53,4),(736,23,44,4),(738,14,36,5);
/*!40000 ALTER TABLE `cos` ENABLE KEYS */;
UNLOCK TABLES;

--
-- Table structure for table `evenimente`
--

DROP TABLE IF EXISTS `evenimente`;
/*!40101 SET @saved_cs_client     = @@character_set_client */;
/*!50503 SET character_set_client = utf8mb4 */;
CREATE TABLE `evenimente` (
  `ideveniment` int NOT NULL AUTO_INCREMENT,
  `titlu` varchar(255) NOT NULL,
  `descriere` varchar(2000) NOT NULL,
  `data` date NOT NULL,
  `imagine` varchar(255) DEFAULT NULL,
  PRIMARY KEY (`ideveniment`)
) ENGINE=InnoDB AUTO_INCREMENT=44 DEFAULT CHARSET=utf8mb4 COLLATE=utf8mb4_0900_ai_ci;
/*!40101 SET character_set_client = @saved_cs_client */;

--
-- Dumping data for table `evenimente`
--

LOCK TABLES `evenimente` WRITE;
/*!40000 ALTER TABLE `evenimente` DISABLE KEYS */;
INSERT INTO `evenimente` VALUES (2,'Păcăleală de 1 aprilie','NU! Nu este o pacăleală, de 1 aprilie, în restaurantul nostru prețurile scad cu 30% pe tot parcursul zilei. Rezervă acum o masă pentru a fi sigur că nu ratezi o astfel de ofertă. Am uitat să menționăm, dacă sunteți minim 5 persoane la masă, prima bere e din partea casei!','2024-04-01','1aprilie.jpg'),(6,'Seara de Muzică Jazz','Bucurați-vă de o seară magică și plină de ritm de muzică jazz! Alăturați-vă nouă pentru o călătorie sonoră captivantă în universul vibrant al jazz-ului, unde improvizația și expresivitatea se întâlnesc pentru a crea o experiență muzicală extraordinară. Veți fi învăluiți de sunetele sofisticate ale saxofonului, pianului, contrabasului și tobelor.','2024-07-23','jazz.jpg'),(13,'Pizza 1+1','Nu este o greșeală de tipar, este realitatea. Pe data de 17 iulie, în intervalul orar 16:00 - 21:00, în restaurant la orice pizza mare comandată primești una medie gratuită și nu, nu îți impunem noi nici ce pizza să comanzi și nici ce pizza să primești.','2024-07-17','pizza11.jpg'),(14,'8 Martie, Ziua femeii','Ziua de 8 Martie este dedicată tuturor femeilor, așa că, pentru a sărbători, le vom oferi acestora un cocktail și un desert din partea casei. Nu sta mult pe gânduri când este vorba despre tine, vino și relaxează-te cu prietenele, soțul sau iubitul în restaurantul nostru.','2024-03-08','8martie.jpg'),(17,'1 Mai Bun','1 Mai, zi liberă, zi călduroasă, iar noi venim cu o ofertă de nerefuzat. 20% reducere la toate produsele din categoria ”grătar”, preferatele românului mai ales când e vorba de Ziua Muncii. Dacă nu ai planuri de a ieși la iarba verde, noi te așteptăm în restaurantul nostru. Oferta este valabilă doar în restaurant!','2024-05-01','gratar.jpeg'),(42,'România - Belgia','Sâmbătă seara susținem împreună echipa națională a României. Meciul împotriva Belgiei ne poate aduce o calificare istorică, așa că hai să ne uităm împreună în localul nostru, iar la final să sărbătorim un rezultat pozitiv al României. Apropo...dacă România reușește victora, berea e din partea casei...HAI ROMÂNIA!!!','2024-06-22','romaniabeglia.jpg'),(43,'Finala EURO 2024','A fost o lună plină de fotbal la cel mai înalt nivel și am ajuns în punctul în care cele mai bune naționale de fotbal au ajuns în marea finală. Vino alături de noi să trăim împreună experiența meciului în restaurantul nostru. Meciul va fi transmis LIVE pe marele nostru ecran, iar la fiecare gol marcat vom oferi bere din partea casei! Dumincă 14 iulie, ora 22:00!','2024-07-14','Euro_Finala.jpg');
/*!40000 ALTER TABLE `evenimente` ENABLE KEYS */;
UNLOCK TABLES;

--
-- Table structure for table `imaginimeniu`
--

DROP TABLE IF EXISTS `imaginimeniu`;
/*!40101 SET @saved_cs_client     = @@character_set_client */;
/*!50503 SET character_set_client = utf8mb4 */;
CREATE TABLE `imaginimeniu` (
  `image_id` int NOT NULL AUTO_INCREMENT,
  `image_name` varchar(255) NOT NULL,
  `image` varchar(255) NOT NULL,
  PRIMARY KEY (`image_id`)
) ENGINE=InnoDB AUTO_INCREMENT=21 DEFAULT CHARSET=utf8mb4 COLLATE=utf8mb4_0900_ai_ci;
/*!40101 SET character_set_client = @saved_cs_client */;

--
-- Dumping data for table `imaginimeniu`
--

LOCK TABLES `imaginimeniu` WRITE;
/*!40000 ALTER TABLE `imaginimeniu` DISABLE KEYS */;
INSERT INTO `imaginimeniu` VALUES (1,'micdejun','meniu-micdejun.png'),(2,'pizza','meniu-pizza.png'),(3,'paste','meniu-paste.png'),(4,'burger','meniu-burger.png'),(5,'gratar','meniu-gratar.png'),(6,'salata-meniu','meniu-salata.png'),(7,'supe','meniu-supe.png'),(8,'garnituri','meniu-garnituri.png'),(9,'desert','meniu-desert.png'),(10,'bere','meniu-bere.png'),(11,'whiskeygin','meniu-whiskeygin.png'),(12,'cocktail','meniu-cocktail.png'),(13,'longdrinks','meniu-longdrinks.png'),(14,'vinalb','meniu-vinalb.png'),(15,'vinrose','meniu-vinrose.png'),(16,'vinrosu','meniu-vinrosu.png'),(17,'spirits','meniu-spirits.png'),(18,'shots','meniu-shots.png'),(19,'racoritoare','meniu-racoritoare.png'),(20,'bauturicalde','meniu-bauturicalde.png');
/*!40000 ALTER TABLE `imaginimeniu` ENABLE KEYS */;
UNLOCK TABLES;

--
-- Table structure for table `produse`
--

DROP TABLE IF EXISTS `produse`;
/*!40101 SET @saved_cs_client     = @@character_set_client */;
/*!50503 SET character_set_client = utf8mb4 */;
CREATE TABLE `produse` (
  `idprodus` int NOT NULL AUTO_INCREMENT,
  `numeprodus` varchar(45) NOT NULL,
  `descriereprodus` varchar(400) NOT NULL,
  `pret` varchar(45) NOT NULL,
  `imagine` varchar(255) NOT NULL,
  `categorie` varchar(45) NOT NULL,
  PRIMARY KEY (`idprodus`)
) ENGINE=InnoDB AUTO_INCREMENT=148 DEFAULT CHARSET=utf8mb4 COLLATE=utf8mb4_0900_ai_ci;
/*!40101 SET character_set_client = @saved_cs_client */;

--
-- Dumping data for table `produse`
--

LOCK TABLES `produse` WRITE;
/*!40000 ALTER TABLE `produse` DISABLE KEYS */;
INSERT INTO `produse` VALUES (1,'Omletă țărănească cu legume','120gr: ou, ceapă, roșii, castravete','13','omletataraneasca.jpg','micdejun'),(7,'Omletă cu șuncă și cașcaval','120 gr: ou, șuncă, cașcaval','15','omletasuncacascaval.jpg','micdejun'),(8,'Omletă cu de toate','120 gr: ou, șuncă, cașcaval, ceapă, roșii, castravete, ardei gras','16','omletacudetoate.jpg','micdejun'),(9,'Sandwich cu șuncă și cașcaval','285 gr: șuncă, cașcaval, roșii, salată','16','sandwichsuncasicascaval.jpg','micdejun'),(10,'Sandwich cu salam și cașcaval','285 gr: salam, cașcaval, castravete, roșii','16','sandwichcusalamsicascaval.jpg','micdejun'),(11,'Telemea cu roșii','80 gr: telemea & roșii','10','telemeacurosii.jpg','micdejun'),(14,'Bacon prăjit ','100 gr ','15','bacon.jpg','micdejun'),(15,'Quattro stagioni','30 cm: sos roșii, mozzarella, șuncă, ciuperci, cârnați, măsline','40','quattrostagioni.jpg','pizza'),(16,'Diavollo','30 cm: sos roșii, mozzarella, salam chorizo, ardei iute','42','pizzadiavolo.jpg','pizza'),(17,'Capriciosa','30 cm: sos roșii, mozzarella, șuncă, ciuperci, ceapă, cârnați, ardei, măsline','40','pizzacapriciosa.jpg','pizza'),(18,'Quattro formaggi','30 cm: extra mozzarella, cașcaval afumat, blue cheese, parmezan','30','pizzaquatroformaggi.jpg','pizza'),(19,'Prosciutto funghi','30 cm: sos roșii, mozzarella, șuncă, ciuperci','44','pizzaprosciutofunghi.jpg','pizza'),(20,'Carnivora','30 cm: sos roșii, mozzarella, șuncă, salam, cârnăciori','40','pizzacarnivora.jpg','pizza'),(21,'Primavera','30 cm: sos roșii, mozzarella, piept de pui, ciuperci, ardei gras, porumb','47','pizzaprimavera.jpg','pizza'),(22,'Carbonara','30 cm: mozzarella, gălbenuș cu ou, bacon, parmezan','50','pizzacarbonara.jpg','pizza'),(23,'Prosciutto','30 cm: sos roșii, mozzarella, șuncă','42','pizzaprosciuto.jpg','pizza'),(24,'Pepperoni','30 cm: sos roșii, extra mozzarella, salam napoli, jalapenos','49','pizzapepperoni.jpg','pizza'),(25,'Vegetariana','30 cm: sos roșii, mozzarella, ardei gras, dovlecei, ciuperci, porumb, ceapă','44','pizzavegetariana.jpg','pizza'),(26,'Gamberi','30 cm: sos pizza, mozzarella, creveți, roșii uscate, usturoi, pătrunjel','59','pizzagamberi.png','pizza'),(27,'Lasagna','400 gr: carne tocată porc, mozzarella, ceapă, morcov, țelină, sos, unt','39','lasagna.jpg','paste'),(28,'Carbonara','500 gr: paste, cremă de gătit, ou, bacon, parmezan','39','pastecarbonara.jpg','paste'),(29,'Pollo e funghi','500 gr: paste, sos napoli, ciuperci, piept de pui, bacon, parmezan ','38','pastepolloefunghi.jpg','paste'),(30,'Pollo e gorgonzola','500 gr: paste, sos blue cheese, piept de pui la grătar, parmezan','38','pastepolloegorgonzola.jpg','paste'),(31,'Quattro formaggi','500 gr: paste, sos quattro formaggi, parmezan','38','pastequattroformaggi.jpg','paste'),(32,'Bolognese','500 gr: paste, sos napoli, sos bolognese, ceapă, morcov, carne porc, parmezan','36','pastebolognese.jpg','paste'),(33,'Milanese','500 gr: paste, sos napoli, șuncă, ciuperci, mozzarella, busuioc','37','pastemilanese.jpg','paste'),(34,'Rusticana','500 gr: paste, sos napoli, bacon, ciuperci, parmezan','35','pasterusticana.jpg','paste'),(35,'Primavera','500 gr: paste, sos napoli, dovlecei, ardei gras, morcov, praz, pătrunjel','35','pasteprimavera.jpg','paste'),(36,'Diavolo','500 gr: paste, sos napoli, salam picant, parmezan, pepperoni','35','pastediavola.jpg','paste'),(37,'Al salmone','500 gr: paste, sos napoli, cremă de gătit, ceapă, somon fume, unt, pătrunjel ','46','pastealsalmone.jpg','paste'),(38,'Arabiata','500 gr: paste, sos napoli, măsline, pătrunjel, pepperoni','35','pastearabiata.jpg','paste'),(39,'Hamburger vită','vită, salată iceberg, roșii, ceapă, castraveți murați, cașcaval','35','hamburgervita.jpg','burger'),(40,'Cheeseburger vită','vită, brânză cheddar, salată iceberg, roșii, ceapă, castraveți murați ','39','cheeseburger.jpg','burger'),(41,'Bacon Cheeseburger vită','vită, bacon, brânză cheddar, salată iceberg, roșii, ceapă, castraveți murți','42','baconcheeseburger.jpg','burger'),(42,'Chilli Cheeseburger vită','vită, brânză cheddar, salată iceberg, jalapeno, roșii, ceapă, castraveți murați','38','chillicheeseburger.jpg','burger'),(43,'Gold Burger vită','ou, bacon, brânză cheddar, salată iceberg, roșii, ceapă, castraveți murați','45','goldburger.jpg','burger'),(44,'Hamburger Crispy de pui','snițel crispy de pui, salată iceberg, roșii, ceapă, castraveți murați','33','hamburgercrispy.jpg','burger'),(45,'Cheeseburger Crispy de pui','snițel crispy, salată iceberg, roșii, ceapă, castraveți murați, brânză cheddar','37','cheeseburgercrispy.jpg','burger'),(46,'Bacon Cheeseburger Crispy de pui','snițel crispy, bacon, brână cheddar, salată iceberg, roșii, ceapă, castraveți m.','39','baconcheeseburgercrispy.jpg','burger'),(47,'Gold Burger pui','ou, bacon, brânză cheddar, salată iceberg, roșii, ceapă, castraveți murați','39','goldburgerpui.jpg','burger'),(48,'Burger Crispy de pui','snițel crispy, bacon salată iceberg, roșii, ceapă, castraveți murați, cheddar','41','burgercrispypui.jpg','burger'),(49,'Burger vegetarian','ciuperci, salată iceberg, roșii, ceapă, castraveți murați, cașcaval','42','vegetarianburger.jpg','burger'),(50,'Burger Halloumi','salată iceberg, roșii, ceapă, castraveți murați, brânză halloumi','41','burgerhalloumi.jpg','burger'),(51,'Ceafă de porc','150 gr','21','ceafadeporc.jpg','gratar'),(52,'Pulpă de pui dezosată la grătar','150 gr','20','pulpapuidezosata.jpg','gratar'),(53,'Piept de pui la grătar','150 gr','20','pieptdepui.jpg','gratar'),(54,'Mici cu muștar','preț/bucată','5','mici.jpg','gratar'),(55,'Cârnați la grătar','4 bucăți','20','carnatigratar.jpg','gratar'),(56,'Pastramă de porc','150 gr','23','pastramaporc.jpg','gratar'),(57,'Scăriță de porc','200 gr','27','scaritaporc.jpg','gratar'),(58,'Frigărui de porc','200 gr','25','frigaruiporc.jpg','gratar'),(59,'Frigărui de pui','200 gr','21','frigaruidepui.jpg','gratar'),(60,'Frigărui de legume','200 gr','18','frigaruidelegume.jpg','gratar'),(61,'Șnițel de pui','150 gr','21','snitelpui.jpg','gratar'),(62,'Șnițel de porc','150 gr','21','snitelporc.jpg','gratar'),(63,'Șnițel de curcan','150 gr','21','sniteldecurcan.jpg','gratar'),(64,'Salată cu pui crispy','350 gr: salată iceberg, stripsuri de pui, roșii, telemea de vacă','25','salatacrispy.jpg','salate'),(65,'Salată vieneză','400 gr: piept de curcan, usturoi, roșii, ceapă, castraveți, vin alb','25','salatavieneza.jpg','salate'),(66,'Salată caesar','300 gr: piept de pui, salată iceberg, parmezan, sos italian','24','salatacaesar.jpg','salate'),(67,'Salată bulgărească','420 gr: șuncă, telemea vacă, salată iceberg, roșii, castravete, ou, măsline','26','salatabulgareasca.jpg','salate'),(68,'Salată mediteraneană','400 gr: piept de pui, paste scurte, castraveți, roșii, telemea vacă','30','salatamediteraneana.jpg','salate'),(69,'Salată grecească','380 gr: salată verde, roșii, castraveți, ceapă roșie, măsline','23','salatagreceasca.jpg','salate'),(70,'Salată cu pui','400 gr: piept de pui, ardei gras, roșii, castraveți, salată verde','29','salatapui.jpg','salate'),(71,'Salată de ton','500 gr: ton, salată iceberg, ceapă, porumb, măsline, lămâie, sos vinegre','25','salataton.jpg','salate'),(72,'Salată somon','340 gr: somon afumat, salată iceberg, roșii, castraveți, măsline, porumb','32','salatasomon.jpg','salate'),(73,'Salată de roșii','380 gr: roșii, ceapă, măsline, ardei iute, busuioc, ulei, oțet','15','salatarosii.jpg','salate'),(74,'Salată de murături','200 gr: gogonele, castraveți, gogoșar, țelină','10','salatademuraturi.jpg','salate'),(75,'Salată de varză','200 gr: varză albă, mărar, sare, piper, ulei','8','salatadevarza.jpg','salate'),(76,'Supă de pui cu tăiței','350 gr: se servește cu pâinică la cuptor','15','supapuitaiteti.jpg','ciorbe'),(77,'Ciorbă de pui a la grec','350 gr: se servește cu pâinică la cuptor','15','ciorbapuialagrec.jpg','ciorbe'),(78,'Supă cremă de roșii','330 gr: se servește cu crutoane','14','supacremarosii.jpg','ciorbe'),(79,'Supă cremă de legume','330 gr: se servește cu crutoane','15','supacremadelegume.jpg','ciorbe'),(80,'Ciorbă de perișoare','350 gr: se servește cu pâinică la cuptor','15','ciorbadeperisoare.jpg','ciorbe'),(81,'Ciorbă de văcuță','350 gr: se servește cu pâinică la cuptor','17','ciorbadevacuta.jpg','ciorbe'),(82,'Pâinică la cuptor','1 bucată','2','painecuptor.jpg','ciorbe'),(83,'Ardei iute','1 bucată','2','ardei.jpg','ciorbe'),(84,'Ardei normal','1 bucată','2','ardeineiute.jpg','ciorbe'),(85,'Crutoane','30 gr','3','crutoane.jpg','ciorbe'),(86,'Cartofi dippers','170 gr','9','cartofidippers.png','garnituri'),(88,'Orez cu legume','300 gr: orez, ceapă, morcov, roșii, mărar, pătrunjel','12','orezculegume.jpg','garnituri'),(89,'Cartofi prăjiți','200 gr','8','cartofiprajiti.jpg','garnituri'),(90,'Cartofi wedges','200 gr','9','cartofiwedges.jpg','garnituri'),(91,'Cartofi cu parmezan și usturoi','200 gr: cartofi, parmezan, usturoi, sare','12','cartoficuparmezansiusturoi.jpg','garnituri'),(92,'Legume la grătar','200 gr: dovlecei, ardei gras, ciuperci, roșii','15','legumelagratar.jpg','garnituri'),(93,'Ciuperci la grătar','200 gr','13','ciupercilagratar.jpg','garnituri'),(94,'Broccoli sote','150 gr','14','broccolisote.jpg','garnituri'),(95,'Plăcintă cu mere','120 gr','8','placintacumere.jpg','deserturi'),(96,'Blăcintă cu brânză','120 gr','8','placintacubranza.jpg','deserturi'),(97,'Tiramisu','200 gr: pișcoturi, mascarpone, ouă, spumă de frișcă, zahăr, cacao','14','tiramisu.jpg','deserturi'),(98,'Mini papanași','6 gogoșele (brânză dulce, dulceață de vișine, smântână','18','minipapanasi.jpg','deserturi'),(99,'Profiterol','250 gr: gogoșele cu cremă de vanilie, mousse de ciocolată albă, ciocolată neagră','15','profiterol.jpg','deserturi'),(100,'Cheesecake','160 gr:  blat din biscuiți și unt, cremă de brânză, topping vișine & smântână','14','cheesecake.jpg','deserturi'),(101,'Ecler cu ciocolată','140 gr','10','eclercuciocolata.jpg','deserturi'),(102,'Ecler cu fistic','140 gr','10','eclercufistic.jpg','deserturi'),(103,'Clătite ciocolată','2 bucăți','16','clatiteciocolata.jpg','deserturi'),(104,'Clătite cu vișine','2 bucăți','16','clatitecuvisine.jpg','deserturi'),(105,'Baclava','140 gr','8','baclava.jpg','deserturi'),(106,'Orez cu lapte','280 gr: orez, lapte, scorțișoară','10','orezculapte.jpg','deserturi'),(107,'Înghețată cu ciocolată','120 gr','10','inghetataciocolata.jpg','deserturi'),(108,'Înghețată cu fructe de pădure','120 gr','10','inghetatafructedepadure.jpg','deserturi'),(109,'Înghețată cu vanilie','120 gr','10','inghetatacuvanilie.jpg','deserturi'),(110,'Limonadă lămâie','500 ml','13','limonadalamaie.jpg','bauturi'),(111,'Limonadă pepene roșu','500 ml','13','limonadapepene.jpg','bauturi'),(112,'Limonadă mentă','500 ml','13','limonadamenta.jpg','bauturi'),(113,'Limonadă căpșuni','500 ml','13','limonadacapsuni.jpg','bauturi'),(114,'Fresh protocale','230 ml','14','freshportocale.jpg','bauturi'),(115,'Aqua Carpatica plată','500 ml','7','aqua.png','bauturi'),(116,'Aqua Carpatica minerală','500 ml','7','aqua.png','bauturi'),(117,'Borsec plată','500 ml','7','borsec.png','bauturi'),(118,'Borsec minerală','500 ml','7','borsec.png','bauturi'),(119,'Three Cents grapefruit','200 ml','10','threecents.jpg','bauturi'),(120,'Redbull','330 ml','11','redbull.jpg','bauturi'),(122,'Prigat piersică','330 ml','8','prigatportocale.jpg','bauturi'),(123,'Prigat căpșuni','330 ml','8','prigatportocale.jpg','bauturi'),(124,'Pepsi','250 ml','8','pepsi.jpg','bauturi'),(125,'Mirinda','250 ml','8','mirinda.jpg','bauturi'),(126,'7 UP','250 ml','8','7up.png','bauturi'),(127,'Lipton Ice-Tea lămâie','330 ml','8','lipton.jpg','bauturi'),(128,'Lipton Ice-Tea piersică','330 ml','8','lipton.jpg','bauturi'),(130,'Crenvurșt de pui','1 buc','5','crenvurstipui.jpg','micdejun'),(131,'Prigat portocale','330 ml','8','prigatportocale.jpg','bauturi'),(133,'Clătite Nutella','2 bucăți','16','clatiteciocolata.jpg','micdejun'),(134,'Piure de cartofi','300 gr','12','piure.jpg','garnituri'),(140,'Ketchup dulce','80 gr','4','ketchup-dulce.jpg','pizza'),(141,'Ketchup picant','80 gr','4','ketchup-picant.jpg','pizza'),(144,'Meniul Zilei 1','Piept de pui, salată varză, cartofi prăjiți, cirobă de perișoare, pâinică','43','meniul_zilei_1.jpg','oferta'),(145,'3 Pizza Diavollo = 99 RON','30 cm: sos roșii, mozzarella, salam chorizo, ardei iute','99','pizzadiavolo.jpg','oferta');
/*!40000 ALTER TABLE `produse` ENABLE KEYS */;
UNLOCK TABLES;

--
-- Table structure for table `recenzii`
--

DROP TABLE IF EXISTS `recenzii`;
/*!40101 SET @saved_cs_client     = @@character_set_client */;
/*!50503 SET character_set_client = utf8mb4 */;
CREATE TABLE `recenzii` (
  `idrecenzie` int NOT NULL AUTO_INCREMENT,
  `idcont` int NOT NULL,
  `data` datetime NOT NULL,
  `mesaj` varchar(999) NOT NULL,
  `nota` int NOT NULL,
  PRIMARY KEY (`idrecenzie`),
  KEY `fk_1_recenzii_idx` (`idcont`),
  CONSTRAINT `fk_1_recenzii` FOREIGN KEY (`idcont`) REFERENCES `conturi` (`idcont`) ON DELETE CASCADE ON UPDATE CASCADE
) ENGINE=InnoDB AUTO_INCREMENT=159 DEFAULT CHARSET=utf8mb4 COLLATE=utf8mb4_0900_ai_ci;
/*!40101 SET character_set_client = @saved_cs_client */;

--
-- Dumping data for table `recenzii`
--

LOCK TABLES `recenzii` WRITE;
/*!40000 ALTER TABLE `recenzii` DISABLE KEYS */;
INSERT INTO `recenzii` VALUES (47,9,'2024-04-02 21:08:49','Nu ratez niciun eveniment al restaurantului. De fiecare data am ramas surprinsa placuta. Locatia se prezinta exceptional, iti da un vibe bun, iar mancare...nu am cuvinte 100/10. Am comandat si acasa mancare, bucatarul face o treaba exceptionala!',5),(48,6,'2024-04-03 00:22:08','Mancarea buna, calda, dar am asteptat 1 ora jumate sa ajunga si nici nu stau departe de locatia restaurantului...dar e ok..',4),(49,7,'2024-04-03 00:29:46','Cea mai buna alegere pentru o seara de weekend. Confort, calitate, muzica relxanata, personal de nota 10. Ca recomandare, faceti rezervare altfel, cel putin in weekend, riscati sa nu gasiti mese libere.',5),(51,6,'2024-04-03 21:33:14','Cel mai bun restaurant din Bucuresti. Traiesc de o viata in acest oras, insa mancare atat de buna nu am mancat niciodata. Ca locatie, totul este superb, decorul, personalul, muzica, absolut tot. Abia astept sa vina weekendul sa ies cu prietenii!',5),(62,13,'2024-04-04 20:03:02','Am auzit de acest restaurant de la un prieten si am zis sa il incerc si eu. Preturile nu sunt chiar cele mai accesibile, insa sunt ok. Lasand acest ascept la o parte, muncarea este foarte buna si serviciile de delivery pe masura. Urmeaza sa merg si in restaurant, dupa care voi reveni cu o noua recenzie!',4),(64,13,'2024-04-04 23:39:28','Bucătăria restaurantului este absolut delicioasă, iar personalul este extrem de prietenos și atent la nevoile clienților. Ambianța este minunată, iar serviciul impecabil! Recomand cu căldură acest restaurant!',5),(65,13,'2024-04-04 23:42:19','Restaurantul acesta oferă o experiență culinară de excepție! De la preparatele delicioase și prezentarea lor impecabilă, până la personalul primitor și atmosfera relaxantă, fiecare detaliu contribuie la o seară memorabilă. Recomandăm cu căldură acest loc unic atat ca locatie cat si ca delivery!',5),(68,13,'2024-04-09 19:11:50','Restaurantul Old But Gold oferă o experiență culinară de neuitat, îmbinând savoarea tradițională cu note contemporane. Ambianța caldă și serviciul impecabil completează perfect preparatele delicioase. O destinație de nelipsit pentru cei ce apreciază finețea gastronomiei.',5),(70,11,'2024-04-09 19:37:24','Restaurantul impresionează cu o selecție vastă de preparate proaspete și gusturi rafinate. Fie că te bucuri de atmosfera intimă a localului sau optezi pentru livrare, vei descoperi arome autentice și combinații inedite. O destinație gastronomică care îți răsfață simțurile indiferent de locație.',5),(77,14,'2024-04-15 17:26:06','Am facut mai multe comenzi din pagina de delivery si totul s-a desfasurat ca la carte. Mancarea a ajuns intr-un timp relativ ok, a fost calda si foarte gustoasa. In zilele in care nu am timp sau chef sa gatesc, comand de la acest restaurant perfect.',5),(114,14,'2024-05-03 15:10:05','Restaurantul are o locație frumoasă în zona cartierului Timpuri Noi. Mâncarea este bună, dar nimic special. Serviciul este bun și prețurile sunt rezonabile, având în vedere locația.',4),(118,8,'2024-05-05 02:23:59','Auzisem foarte multe pareri bune legate de acest restaurant, insa eu merg pe ideea \"nu cred pana nu vad\". Am testat si serviciile de delivery ale restaurantului, cat si pe cele oferite fizic la locatie, calitatea este net superioara restaurantelor din Bucuresti la care am mers pana acum, din orice punct de vedere. Cine nu este convis de review, se poate convinge singur.',5),(119,7,'2024-05-05 18:12:07','Prima mea experienta in restaurant nu a fost cea mai buna, am asteptat destul de mult sa fie servita mancarea, iar aceeasi problema o am si la delivery, de fiecare data dureaza mai mult decat estimarea lor, in schimb calitatea preparatelor este buna, sper ca oamenii care lucreaza aici sa fie ceva mai rapizi pe viitor.',3),(128,13,'2024-05-12 15:12:58','Cu serviciul de livrare al restaurantului, savoarea ajunge direct la tine acasă! Meniul variat și gustos, împachetat cu grijă și livrat prompt, aduce bucurie în fiecare cămin. O opțiune convenabilă și delicioasă pentru cine dorește să se relaxeze în confortul casei.',5),(158,30,'2024-06-22 18:01:59','Mancarea a fost excelenta, iar restaurantul arata extraodinar si personalul extrem de amabil.',5);
/*!40000 ALTER TABLE `recenzii` ENABLE KEYS */;
UNLOCK TABLES;

--
-- Table structure for table `rezervari`
--

DROP TABLE IF EXISTS `rezervari`;
/*!40101 SET @saved_cs_client     = @@character_set_client */;
/*!50503 SET character_set_client = utf8mb4 */;
CREATE TABLE `rezervari` (
  `idrezervare` int NOT NULL AUTO_INCREMENT,
  `idcont` int NOT NULL,
  `numar_persoane` int NOT NULL,
  `data_rezervare` date NOT NULL,
  `ora_rezervare` varchar(45) NOT NULL,
  `nume_complet` varchar(255) NOT NULL,
  `telefon_rezervare` varchar(45) NOT NULL,
  `email_rezervare` varchar(255) NOT NULL,
  `status_rezervare` varchar(255) NOT NULL,
  `data_ora_rezervarii` datetime NOT NULL,
  PRIMARY KEY (`idrezervare`),
  KEY `rezervari_fk_1_idx` (`idcont`),
  CONSTRAINT `rezervari_fk_1` FOREIGN KEY (`idcont`) REFERENCES `conturi` (`idcont`) ON DELETE CASCADE ON UPDATE CASCADE
) ENGINE=InnoDB AUTO_INCREMENT=72 DEFAULT CHARSET=utf8mb4 COLLATE=utf8mb4_0900_ai_ci;
/*!40101 SET character_set_client = @saved_cs_client */;

--
-- Dumping data for table `rezervari`
--

LOCK TABLES `rezervari` WRITE;
/*!40000 ALTER TABLE `rezervari` DISABLE KEYS */;
INSERT INTO `rezervari` VALUES (14,8,5,'2024-05-06','18:00','Popescu Alexandru','0733445566','popescu@gmail.com','Anulată','2024-04-09 18:26:33'),(17,9,4,'2024-04-22','20:00','Iordache Mihaela','0744234010','george30012001@gmail.com','Aprobată','2024-04-09 18:59:15'),(18,6,6,'2024-04-13','16:00','Coman George','0728228944','george30012001@gmail.com','Aprobată','2024-04-09 19:03:50'),(19,13,3,'2024-04-22','19:30','Andronache Valentin','0792929292','george.coman6@yahoo.com','Aprobată','2024-04-09 19:09:35'),(20,11,4,'2024-04-27','17:30','Ionita Adrian','0711223344','george30012001@gmail.com','Aprobată','2024-04-09 19:50:51'),(21,7,6,'2024-05-15','14:30','Maximilian Alexandru-Ionescu','0723428911','ionescu@gmail.com','Aprobată','2024-04-13 12:00:08'),(22,7,4,'2024-04-20','18:00','Maximilian Alexandru-Ionescu','0723428911','george30012001@gmail.com','Aprobată','2024-04-13 12:40:39'),(23,6,2,'2024-04-21','20:00','Coman George','0728228941','george30012001@gmail.com','Aprobată','2024-04-17 13:25:13'),(24,6,5,'2024-04-30','19:30','Coman George','0728228941','george30012001@gmail.com','Aprobată','2024-04-17 13:34:45'),(25,15,4,'2024-04-21','15:00','Popescu Marius','0711332244','ppooppeessccuummaarriiuuss@yahoo.com','Aprobată','2024-04-17 13:58:14'),(26,14,8,'2024-04-25','18:00','Coman George Ionut','0728228944','george30012001@gmail.com','Aprobată','2024-04-17 18:00:02'),(27,14,2,'2024-04-20','13:00','Coman George Ionut','0728228944','george30012001@gmail.com','Aprobată','2024-04-19 16:15:10'),(28,6,4,'2024-04-25','18:00','Coman George','0728228941','george30012001@gmail.com','Aprobată','2024-04-22 18:16:28'),(29,6,5,'2024-05-02','10:30','Coman George','0728228941','george30012001@gmail.com','Aprobată','2024-04-22 18:18:09'),(30,6,5,'2024-04-30','14:30','Coman George','0728228941','george30012001@gmail.com','Aprobată','2024-04-22 18:20:14'),(31,9,7,'2024-05-14','18:30','Iordache Mihaela','0744234010','testmihaiordache@yahoo.com','Aprobată','2024-04-25 14:40:26'),(32,14,4,'2024-05-16','18:30','Coman George Ionut','0728228944','george30012001@gmail.com','Aprobată','2024-04-25 20:29:40'),(33,14,5,'2024-04-29','18:00','Coman George Ionut','0728228944','george30012001@gmail.com','Aprobată','2024-04-26 14:55:22'),(34,14,4,'2024-05-03','15:00','Coman George Ionut','0728228944','george30012001@gmail.com','Anulată','2024-04-29 11:43:57'),(35,18,5,'2024-05-11','20:00','Munteanu Doina','0788558860','doinamnt171513test@gmail.com','Aprobată','2024-04-29 17:39:36'),(36,18,5,'2024-05-11','15:00','Munteanu Doina','0788558860','doinamnt171513test@gmail.com','Aprobată','2024-04-29 17:43:35'),(37,18,3,'2024-05-06','11:30','Munteanu Doina','0788558860','doinamnt171513test@gmail.com','Aprobată','2024-04-29 17:44:18'),(38,14,10,'2024-05-16','20:00','Coman George Ionut','0728228944','george30012001@gmail.com','Anulată','2024-05-02 14:23:39'),(39,14,3,'2024-05-14','20:00','Coman George Ionut','0728228944','george30012001@gmail.com','Aprobată','2024-05-03 16:46:45'),(40,8,6,'2024-05-19','21:00','Popescu Roman','0728228949','abctest123@gmail.com','Aprobată','2024-05-05 02:28:00'),(41,14,4,'2024-05-15','18:00','Coman George Ionut','0728228944','george30012001@gmail.com','Aprobată','2024-05-08 21:45:55'),(42,14,7,'2024-05-23','18:30','Coman George Ionut','0728228944','george30012001@gmail.com','Aprobată','2024-05-09 15:11:35'),(43,14,4,'2024-05-19','13:00','Coman George Ionut','0728228944','george30012001@gmail.com','Aprobată','2024-05-09 15:13:13'),(44,13,4,'2024-05-18','13:00','Andronache Valentin','0792929292','andronache.c777@yahoo.com','Aprobată','2024-05-09 18:27:49'),(45,13,2,'2024-05-10','19:30','Andronache Valentin','0792929292','andronache.c777@yahoo.com','Aprobată','2024-05-09 18:28:41'),(46,23,4,'2024-05-29','16:30','Lucescu Maria','0700000001','lucemaria77testmail@yhoo.com','Aprobată','2024-05-09 21:09:41'),(47,23,2,'2024-05-19','18:30','Lucescu Maria','0700000001','lucemaria77testmail@yhoo.com','Aprobată','2024-05-09 21:09:58'),(48,14,3,'2024-05-24','16:30','Coman George Ionut','0728228944','george30012001@gmail.com','Aprobată','2024-05-12 15:04:27'),(49,14,4,'2024-05-25','17:30','Coman George Ionut','0728228944','george30012001@gmail.com','Aprobată','2024-05-14 00:23:46'),(50,6,4,'2024-05-27','18:30','Coman George','0728228941','george30012001@gmail.com','Validare...','2024-05-14 00:44:21'),(51,23,1,'2024-05-31','18:00','Lucescu Maria','0700000001','lucemaria77testmail@yhoo.com','Validare...','2024-05-21 20:40:27'),(52,14,5,'2024-06-15','16:00','Coman George Ionut','0728228944','george30012001@gmail.com','Aprobată','2024-06-02 16:03:15'),(53,23,3,'2024-06-16','17:30','Lucescu Maria','0700000001','lucemaria77testmail@yhoo.com','Validare...','2024-06-02 16:17:45'),(54,13,2,'2024-06-22','18:30','Andronache Valentin','0792929292','andronache.c777@yahoo.com','Validare...','2024-06-10 19:17:48'),(55,13,4,'2024-06-23','18:00','Andronache Valentin','0792929292','andronache.c777@yahoo.com','Validare...','2024-06-12 23:26:53'),(57,14,4,'2024-06-29','17:30','Coman George Ionut','0728228944','george30012001@gmail.com','Validare...','2024-06-19 01:46:45'),(59,14,1,'2024-07-01','18:30','Coman George Ionut','0728228944','george30012001@gmail.com','Validare...','2024-06-19 01:54:27'),(60,14,1,'2024-06-19','10:30','Coman George Ionut','0728228944','george30012001@gmail.com','Validare...','2024-06-19 01:55:30'),(61,14,4,'2024-06-23','19:00','Coman George Ionut','0728228944','george30012001@gmail.com','Validare...','2024-06-19 02:00:47'),(62,14,1,'2024-06-20','10:30','Coman George Ionut','0728228944','george30012001@gmail.com','Validare...','2024-06-19 02:07:49'),(63,14,4,'2024-07-03','18:30','Coman George Ionut','0728228944','george30012001@gmail.com','Aprobată','2024-06-19 02:12:14'),(64,14,1,'2024-07-02','12:00','Coman George Ionut','0728228944','george30012001@gmail.com','Aprobată','2024-06-19 02:16:52'),(65,23,4,'2024-07-03','17:30','Lucescu Maria','0700000001','lucemaria77testmail@yhoo.com','Validare...','2024-06-19 02:20:57'),(66,29,5,'2024-07-02','18:00','Coman George-Ionut','0744554433','george.coman6@yahoo.com','Aprobată','2024-06-19 18:59:49'),(67,23,4,'2024-06-21','18:30','Lucescu Maria','0700000001','lucemaria77testmail@yhoo.com','Validare...','2024-06-20 18:49:59'),(68,30,2,'2024-06-25','21:00','Dumitrache Robert-Gabriel','0733984004','droby01@gmail.com','Aprobată','2024-06-22 17:58:27'),(69,31,5,'2024-06-22','22:30','Andrei Bianca','0770189653','bianca_bh1@yahoo.com','Aprobată','2024-06-22 21:43:46'),(70,6,1,'2024-07-07','19:00','Coman George','0728228941','123george30012001@gmail.com','Validare...','2024-06-23 16:46:39'),(71,6,1,'2024-06-26','10:30','Coman George','0728228941','123george30012001@gmail.com','Validare...','2024-06-23 16:52:13');
/*!40000 ALTER TABLE `rezervari` ENABLE KEYS */;
UNLOCK TABLES;
/*!40103 SET TIME_ZONE=@OLD_TIME_ZONE */;

/*!40101 SET SQL_MODE=@OLD_SQL_MODE */;
/*!40014 SET FOREIGN_KEY_CHECKS=@OLD_FOREIGN_KEY_CHECKS */;
/*!40014 SET UNIQUE_CHECKS=@OLD_UNIQUE_CHECKS */;
/*!40101 SET CHARACTER_SET_CLIENT=@OLD_CHARACTER_SET_CLIENT */;
/*!40101 SET CHARACTER_SET_RESULTS=@OLD_CHARACTER_SET_RESULTS */;
/*!40101 SET COLLATION_CONNECTION=@OLD_COLLATION_CONNECTION */;
/*!40111 SET SQL_NOTES=@OLD_SQL_NOTES */;

-- Dump completed on 2024-07-01 14:16:10
